qmof_id,metal,formula,pld_A,steric_congested,delta_G_H_eV,eta_HER_V,delta_G_OH_eV,delta_G_O_eV,delta_G_OOH_eV,dg_oer_step1_eV,dg_oer_step2_eV,dg_oer_step3_eV,dg_oer_step4_eV,pds_OER,eta_OER_V,delta_G_COOH_eV,delta_G_CO_eV,delta_G_OCHO_eV,u_lim_CO_V,eta_CO2RR_CO_V,eta_CO2RR_formate_V,delta_G_selectivity_COOH_vs_H_eV,delta_G_selectivity_OCHO_vs_H_eV,prefers_CO2RR
qmof-73ded45,Co,Co6C24H6O18,10.98654,False,1.0681646415536052,1.0681646415536052,0.9784860637180192,3.01676725605844,4.578318229888568,0.9784860637180192,2.038281192340421,1.561550973830128,0.34168177011143186,*OH -> *O,0.808281192340421,2.0173901604183566,0.9040254036396538,1.9217601079066848,-2.0173901604183566,1.9073901604183565,1.7317601079066849,0.9492255188647514,0.8535954663530796,False
qmof-dc7e5a3,Co,Co6C24H12O18,10.08865,False,0.4379197078609123,0.4379197078609123,-1.1107684684988577,0.0003342441361526,1.8896135575560216,-1.1107684684988577,1.1111027126350104,1.8892793134198689,3.0303864424439784,*OOH -> O2,1.8003864424439784,0.7016590210748312,0.2489314590054956,1.6528344806435846,-0.7016590210748312,0.5916590210748313,1.4628344806435847,0.26373931321391897,1.2149147727826723,False
qmof-571d405,Cu,Cu6C96H36N12O24,14.14613,False,1.1667080340668208,1.1667080340668208,1.7743171138406235,4.554549123760906,5.3888747624016125,1.7743171138406235,2.7802320099202826,0.8343256386407063,-0.4688747624016125,*OH -> *O,1.5502320099202826,1.4279164955659334,1.0534555773814374,1.7190506461085011,-1.4279164955659334,1.3179164955659333,1.5290506461085012,0.2612084614991126,0.5523426120416803,False
qmof-b46c098,Cu,Cu6C24H6O18,10.73598,False,0.1182879193410191,0.1182879193410191,2.037336975837835,2.3834544902469164,5.584352846098833,2.037336975837835,0.34611751440908156,3.2008983558519164,-0.6643528460988328,*O -> *OOH,1.9708983558519164,1.765304159911406,1.5980852242620407,3.8678488358716647,-1.765304159911406,1.655304159911406,3.677848835871665,1.647016240570387,3.749560916530646,False
qmof-197ad3f,Fe,Fe6C36Cl6H12N18O6,18.49358,False,1.1778698402847374,1.1778698402847374,1.4269256119642677,3.631753889464945,5.186159468439707,1.4269256119642677,2.2048282775006776,1.5544055789747624,-0.2661594684397075,*OH -> *O,0.9748282775006776,1.6349522789045865,1.179362322760523,1.6251590509933438,-1.6349522789045865,1.5249522789045864,1.4351590509933438,0.4570824386198491,0.4472892107086064,False
qmof-599995e,Fe,Fe6C42H18O18,16.92486,True,0.7444861842020958,0.7444861842020958,1.899181562203882,-77842.94168833789,6.105845855513536,1.899181562203882,-77844.84086990009,77849.0475341934,-1.185845855513536,*O -> *OOH,77847.81753419341,-16553.806868653217,-4242.319799469182,1.7869515526787856,-12311.487069184035,12311.377069184035,1.5969515526787856,-16554.55135483742,1.0424653684766898,True
qmof-5a2471d,Mn,Mn6C36H12O18,11.79355,False,1.0366069240379785,1.0366069240379785,0.5954557715596469,2.976602253539763,4.27629393765518,0.5954557715596469,2.3811464819801165,1.299691684115417,0.6437060623448199,*OH -> *O,1.1511464819801165,1.676645189134586,1.0389045323832269,0.3553391072972205,-1.676645189134586,1.5666451891345858,0.1653391072972205,0.6400382650966074,-0.681267816740758,False
qmof-07cc468,Mn,Mn6C66H84N12O18,11.32804,True,-0.8231535982682034,0.8231535982682034,1.219867355345288,1.39043575523446,3.7018087870798384,1.219867355345288,0.17056839988917205,2.3113730318453785,1.2181912129201615,*O -> *OOH,1.0813730318453785,0.3468263723022433,-1225.9220882377335,3.737959919316464,-0.3468263723022433,0.2368263723022433,3.547959919316464,1.1699799705704468,4.561113517584667,False
qmof-dd825f1,Mo,Mo4C68H72N16O16,4.85213,False,-0.478496965121131,0.478496965121131,3.2425643467459584,3.3129370482684,5.363026159458929,3.2425643467459584,0.0703727015224418,2.050089111190529,-0.4430261594589293,* -> *OH,2.0125643467459584,0.9478340722423096,0.5002431155172841,3.2203774507999183,-0.9478340722423096,0.8378340722423097,3.0303774507999184,1.4263310373634406,3.698874415921049,False
qmof-04b4379,Mo,MoZnC14H18N4O4,4.43754,True,-0.1069101980602387,0.1069101980602387,1.4930543733518318,3.298675392675295,5.283215170011204,1.4930543733518318,1.8056210193234634,1.9845397773359092,-0.3632151700112045,*O -> *OOH,0.7545397773359093,-249697.4644452805,0.8115838302300228,3.1875387352563083,-249698.2760291107,249698.16602911073,2.9975387352563083,-249697.35753508244,3.2944489333165468,True
qmof-02e961c,Ni,Ni3C78H48N12O12,35.34426,False,0.6254614593546265,0.6254614593546265,0.6260368105551073,0.9707380684313374,4.208883555213846,0.6260368105551073,0.34470125787623007,3.2381454867825084,0.7111164447861542,*O -> *OOH,2.0081454867825084,15.27826070330478,1.1215860405227085,3.866418347143198,-15.27826070330478,15.16826070330478,3.676418347143198,14.652799243950152,3.2409568877885717,False
qmof-da6b9c1,Ni,Ni3C72H48N8O12,30.58127,True,0.1098426052812235,0.1098426052812235,2.970251826071552,2.9905128820332894,4.950012772417812,2.970251826071552,0.02026105596173755,1.9594998903845222,-0.03001277241781164,* -> *OH,1.7402518260715518,5.408726175154817,6.270695986213891,-1802.491768483685,-5.408726175154817,5.298726175154816,1802.6817684836851,5.298883569873593,-1802.6016110889664,False
qmof-28c2c0e,Ru,Ru2C38F16H12N4O10,5.32412,False,0.1644398092914992,0.1644398092914992,1.6873424382992273,2.403084301000307,5.477246896060456,1.6873424382992273,0.7157418627010799,3.074162595060149,-0.5572468960604562,*O -> *OOH,1.844162595060149,3.875493245499922,0.3745929163149954,3.3094917226030027,-3.875493245499922,3.765493245499922,3.119491722603003,3.7110534362084224,3.1450519133115034,False
qmof-59f49ee,Ru,Cd4Ru2C72H36N12O24,4.91163,True,0.3805941857895467,0.3805941857895467,3.309779662715246,2.6029716549704083,6.173118720658162,3.309779662715246,-0.7068080077448378,3.570147065687754,-1.2531187206581622,*O -> *OOH,2.340147065687754,3.818530054579416,3.787406808783262,-5175.604200222052,-3.818530054579416,3.708530054579416,5175.794200222052,3.4379358687898693,-5175.984794407842,False
qmof-8deddd1,Zn,Zn6C42H18O18,16.2694,False,1.1967666390865044,1.1967666390865044,0.843762515980848,1.9205636783091895,5.671541051073949,0.843762515980848,1.0768011623283416,3.7509773727647593,-0.7515410510739491,*O -> *OOH,2.5209773727647593,2.8172209176615315,0.8999771885041934,1.455522962626474,-2.8172209176615315,2.7072209176615316,1.2655229626264741,1.620454278575027,0.2587563235399697,False
qmof-b927353,Zn,Zn2Br2C46H24N6O8,12.46513,True,1.8974866415757,1.8974866415757,2.8411500707245247,4.383707154302054,6.246421124100047,2.8411500707245247,1.5425570835775293,1.8627139697979933,-1.3264211241000474,* -> *OH,1.6111500707245248,-13836.734925171308,7.12357544376789,2.6597623500965626,-13843.858500615075,13843.748500615075,2.4697623500965626,-13838.632411812883,0.7622757085208627,True
qmof-9bfdab6,Zr,Zr6C80H60O32,6.87457,False,2.222136746807696,2.222136746807696,2.1850330629725203,4.1511477426213474,5.514705116691534,2.1850330629725203,1.9661146796488271,1.3635573740701865,-0.594705116691534,* -> *OH,0.9550330629725203,1.6797439015332445,1.2531537889087887,5.224016849915822,-1.6797439015332445,1.5697439015332444,5.0340168499158215,-0.5423928452744515,3.001880103108126,True
qmof-bd899c1,Zr,Zr4C56H32O20,5.44442,True,0.5483937138104547,0.5483937138104547,7.116901883238742,5.120505240019395,6.778348678320374,7.116901883238742,-1.996396643219347,1.6578434383009792,-1.8583486783203744,* -> *OH,5.8869018832387425,-72072.3995396053,-18512.716755658672,6.349101232677531,-53559.682783946635,53559.572783946634,6.15910123267753,-72072.94793331911,5.8007075188670765,True
