qmof_id,metal,state,natoms_cluster,e_fermi_eV,d_band_center_rel_EF_eV,magnetic_moment_muB
qmof-b46c098,Cu,pristine,17,-7.16612677033254,-3.2414182431673306,4.402772394734911e-11
qmof-b46c098,Cu,*H,16,-6.873454979524385,-3.194640665244794,2.775719456153038e-11
qmof-73ded45,Co,pristine,17,-6.191868528890407,-1.1409899725462376,6.580856729713665e-12
qmof-73ded45,Co,*OH,16,-6.039373044490105,-1.2737567390577516,-5.063757498647664e-12
qmof-73ded45,Co,*O,15,-6.571137554069563,-2.1136579903340778,-1.584537808098664e-11
qmof-73ded45,Co,*OOH,11,-7.642290552828476,-2.8000496530626844,4.313367367620609e-12
qmof-07cc468,Mn,pristine,19,-7.567722762014231,-1.2653789212173514,2.865237694617111e-12
qmof-07cc468,Mn,*COOH,14,-6.971142711430176,-0.840817899159004,-7.047154715176449e-12
qmof-07cc468,Mn,*CO,18,-8.244502837477981,-12.385628944120867,8.734321518840758e-11
