qmof_id,metal,pld_A,lcd_A,bandgap_eV,coord_number,natoms,dG_H_eV,eta_HER_V,dG_OH_eV,dG_O_eV,dG_OOH_eV,eta_OER_V,dG_COOH_eV,dG_CO_eV,eta_CO2RR_V,delta_G_sel_eV,prefers_CO2RR
qmof-73ded45,Co,10.98654,11.78574,0.268982,5,54,1.0968962951396852,1.0968962951396852,0.8761701615551782,2.8222058237567618,3.895182808044516,0.7160356622015835,1.5383521553304413,1.0458905533738396,1.6483521553304414,0.4414558601907561,False
qmof-dc7e5a3,Co,10.08865,10.76967,1.071221,6,60,-0.37598444422087685,0.37598444422087685,-1.2822112254628042,-0.15812328267990844,2.363661225351726,1.3263387746482738,-0.0054403137203584695,-0.05517437453415894,0.10455968627964153,0.3705441305005184,False
qmof-dfd0917,Co,9.94433,10.5374,0.23283,6,60,-0.3409318794650753,0.3409318794650753,-1.2724095390292565,-0.08501501247927372,2.3781572731331755,1.3118427268668245,-0.08201282252528785,-0.06354924701839834,0.12846357550688953,0.25891905693978745,False
qmof-26df13b,Co,9.77112,11.0026,0.312924,5,54,1.1116338600667737,1.1116338600667737,0.8276702773662645,2.8361234810744387,3.8739150063161025,0.7784532037081742,1.347468091002751,1.0118437162394565,1.457468091002751,0.23583423093597733,False
qmof-b46c098,Cu,10.73598,11.47509,0.241124,4,54,0.44840922800187766,0.44840922800187766,4.937885736824667,4.41916841467203,9.347961036011943,3.7078857368246667,9.678944035790748,25.90145,16.332505964209254,9.230534807788871,False
qmof-2c7948e,Cu,9.59446,10.06479,0.95559,4,105,0.24031034803527884,0.24031034803527884,2.3242723884162455,4.4098551189066635,7.742034621505915,2.102179502599251,36.971395,25.90145,37.081395,36.73108465196472,False
qmof-22d5639,Cu,9.54493,9.88141,0.652269,5,135,1.7550057997972877,1.7550057997972877,1.5005423681131855,2.8323277224690324,3.9623944599561502,0.27054236811318555,4.470151485363401,2.920192173744271,4.580151485363401,2.715145685566113,False
qmof-0d43f7f,Cu,9.38971,9.67929,0.695158,2,104,0.7363343659262105,0.7363343659262105,3.888848438106818,17.358390000000004,7.2123156641453,12.239541561893185,36.971395,25.90145,37.081395,36.23506063407379,False
qmof-197ad3f,Fe,18.49358,19.12546,0.153444,5,84,1.3088930257085272,1.3088930257085272,1.376709199173531,3.5507632688688924,4.801174620653106,0.9440540696953614,1.884103600049199,1.3599068928868285,1.9941036000491992,0.5752105743406719,False
qmof-599995e,Fe,16.92486,16.98959,0.589529,5,84,0.8726249139719462,0.8726249139719462,2.7881345265799222,4.168211873962279,4.480680648478702,1.5581345265799222,8.822192510662232,1.6915954502271,8.932192510662231,7.949567596690286,False
qmof-175a5d9,Fe,14.11372,15.83677,1.357554,6,96,0.17124006205841535,0.17124006205841535,0.66212453880574,17.358390000000004,28.358335000000004,15.466265461194265,36.971395,25.90145,37.081395,36.800154937941585,False
qmof-41c3d42,Fe,10.90358,11.59426,0.26157,5,54,1.1092085963794593,1.1092085963794593,1.394207425130828,4.165548685571722,4.281286640044008,1.5413412604408943,2.270175970543873,1.5425713297125179,2.3801759705438728,1.1609673741644135,False
qmof-5a2471d,Mn,11.79355,13.0208,1.024971,5,72,1.122851650360814,1.122851650360814,0.7772524039417998,1.3554197674690311,3.881079567189423,1.2956597997203922,1.6517269738811515,1.2700553716768348,1.7617269738811516,0.5288753235203376,False
qmof-75309dd,Mn,11.1024,11.79339,0.723035,5,54,1.203493309802126,1.203493309802126,0.7243802055068453,1.3691569059837587,3.8982034612288805,1.299046555245122,1.7494935051512053,1.3569543427535558,1.8594935051512054,0.5460001953490792,False
qmof-4a54aa8,Mn,9.97893,10.89977,0.90855,6,60,-0.5645531060935705,0.5645531060935705,-1.3735802277001472,-0.3555362255573716,2.2576490386685384,1.4323509613314616,-0.09502150514524232,0.2883671782113758,0.4933886833566181,0.46953160094832813,False
qmof-348cf26,Mn,9.89753,10.9373,0.757504,5,54,1.1496758500431943,1.1496758500431943,1.06356399894001,3.0846057319697175,4.407278900416194,0.7910417330297075,1.7649635467672888,1.2938489282716312,1.874963546767289,0.6152876967240946,False
qmof-04b4379,Mo,4.43754,5.9534,2.804367,4,42,-0.16715050238656293,0.16715050238656293,1.83619593354676,4.009665143360636,4.66522228088825,0.9434692098138764,2.7669955024698236,1.8441912579190665,2.8769955024698235,2.9341460048563865,False
qmof-9433b10,Mo,3.4334,4.17748,0.949652,5,72,-0.6832605432496175,0.6832605432496175,3.00969569808454,3.6267735343558494,6.662951969760733,1.8061784354048833,2.0956599432809906,0.4579472255825173,2.2056599432809905,2.778920486530608,False
qmof-67a59c5,Mo,3.34121,4.22827,1.961341,6,72,-0.5780528874855699,0.5780528874855699,2.977699084030105,3.3944386218527294,5.850027317055711,1.747699084030105,1.2762674293780074,0.47435844473726474,1.3862674293780075,1.8543203168635773,False
qmof-e42499c,Mo,3.17093,3.73973,2.543541,4,112,-0.24066867960908755,0.24066867960908755,3.21250057320786,3.298882772667654,6.146518883088667,1.9825005732078602,0.6036064778894266,0.6190708639315282,0.7136064778894265,0.8442751574985141,False
qmof-072c43e,Ni,20.42871,20.69715,0.179289,6,93,1.4986827375016096,1.4986827375016096,1.6178449917497186,0.40952810644979926,5.262521149807063,3.622993043357264,3.134267085040589,1.4949857164862572,3.244267085040589,1.6355843475389795,False
qmof-b8ca403,Ni,10.74552,11.43193,0.18344,5,54,0.9734883291244492,0.9734883291244492,1.0003790154384955,2.9067582919378347,4.001701187788163,0.6763792764993393,1.5215421684414687,1.1199006717218247,1.6315421684414688,0.5480538393170196,False
qmof-ea9f3ea,Ni,10.43769,11.55467,0.450394,5,54,0.8748805406893316,0.8748805406893316,0.9811980960389359,3.653496428042403,4.038372334504053,1.442298332003467,1.3451006341960843,1.0547843754956596,1.4551006341960844,0.47022009350675265,False
qmof-5948e3e,Ni,9.47653,10.32784,0.409491,6,132,-0.05014788111151436,0.05014788111151436,21.009945,3.5010026883568495,28.358335000000004,23.627332311643155,36.971395,25.90145,37.081395,37.021542881111515,False
qmof-28c2c0e,Ru,5.32412,7.02831,0.467115,6,82,0.2259961216017805,0.2259961216017805,2.6530863671434712,2.826739476514846,5.892987707071817,1.8362482305569707,2.1341617007761595,1.2117357650950447,2.2441617007761594,1.908165579174379,False
qmof-b91d959,Ru,3.44718,5.38004,0.095608,6,80,0.2742594617530463,0.2742594617530463,3.262363584286147,2.764060901048098,4.935392706679173,2.032363584286147,36.971395,1.5441495964152403,37.081395,36.697135538246954,False
qmof-8deddd1,Zn,16.2694,16.35498,2.562356,5,84,1.321803312924259,1.321803312924259,0.9452718450009865,3.5890893507255592,4.192094889817887,1.4138175057245728,1.759715914937457,1.1694015249336638,1.8697159149374571,0.43791260201319804,False
qmof-b927353,Zn,12.46513,12.95069,0.690609,5,88,1.9526955235521077,1.9526955235521077,21.009945,4.835385887281192,28.358335000000004,22.292949112718812,36.971395,25.90145,37.081395,35.01869947644789,False
qmof-53df169,Zn,11.82597,12.49815,3.273867,6,91,0.5483526644280223,0.5483526644280223,3.2792516484401926,4.592001992005081,7.169147302829052,2.0492516484401926,36.971395,11.663318955755402,37.081395,36.42304233557198,False
qmof-1702f8c,Zn,11.7264,13.20977,2.937464,5,74,1.8793649968959576,1.8793649968959576,21.009945,6.211250110272105,28.358335000000004,20.9170848897279,36.971395,25.90145,37.081395,35.09203000310404,False
qmof-bd899c1,Zr,5.44442,6.12637,2.335098,7,112,0.5309628273328704,0.5309628273328704,4.140763587302883,4.492487556589269,6.232549670502968,2.9107635873028834,3.004202831218519,2.4635063007523734,3.114202831218519,2.473240003885649,False
qmof-4090ce1,Zr,3.1728,3.85386,2.336387,6,90,1.4893255639468057,1.4893255639468057,1.912190477391034,3.583262773165999,5.1189957558661865,0.6821904773910341,3.915567458325965,2.3999653913430614,4.025567458325965,2.4262418943791593,False
