qmof_id,metal,reaction,state,n_waters,total_energy_eV,solvation_energy_eV,h_bond_stabilization_per_water_eV,fmax_eV_A
qmof-73ded45,Co,OER,pristine,0,-394.4186860485229,0.0,0.0,0.02
qmof-73ded45,Co,OER,pristine,1,-406.9949973118184,1.4751936145358044,1.4751936145358044,0.2334058291022955
qmof-73ded45,Co,OER,pristine,2,-422.0635451924567,0.45815061172883986,0.22907530586441993,0.8779256567617002
qmof-73ded45,Co,OER,pristine,3,-436.02208546000975,0.551115222007077,0.183705074002359,0.3396459380894075
qmof-73ded45,Co,OER,*OH,0,-404.4755995983748,0.0,0.0,0.02
qmof-73ded45,Co,OER,*OH,1,-418.62888646800485,-0.10178199179873815,-0.10178199179873815,0.1973375177255289
qmof-73ded45,Co,OER,*OH,2,-430.15770672069107,2.4209026333463584,1.2104513166731792,1.1393588632099994
qmof-73ded45,Co,OER,*OH,3,-10141.372880191973,-9694.742765960105,-3231.580921986702,67448.75470877357
qmof-73ded45,Co,OER,*O,0,-398.83175873896744,0.0,0.0,0.02
qmof-73ded45,Co,OER,*O,1,-412.07623570640123,0.8070279103975153,0.8070279103975153,0.2649693002206002
qmof-73ded45,Co,OER,*O,2,-423.7660546426263,3.1687138520037905,1.5843569260018953,2.6586348472833277
qmof-73ded45,Co,OER,*O,3,-5402.302256489723,-4961.315983117262,-1653.7719943724205,36698.40037518292
qmof-73ded45,Co,OER,*OOH,0,-408.324110130643,0.0,0.0,0.02
qmof-73ded45,Co,OER,*OOH,1,-421.99174394964353,0.383871058830799,0.383871058830799,0.3711380130720341
qmof-73ded45,Co,OER,*OOH,2,-436.63619604495034,-0.20907615864469165,-0.10453807932234582,0.6035924570958151
qmof-73ded45,Co,OER,*OOH,3,-450.2909485487785,0.18767621535847212,0.06255873845282404,0.7631793708775911
qmof-73ded45,Co,CO2RR,*COOH,0,-419.25970542570536,0.0,0.0,0.02
qmof-73ded45,Co,CO2RR,*COOH,1,-433.44220157346876,-0.13099126993208898,-0.13099126993208898,0.24003203943273504
qmof-73ded45,Co,CO2RR,*COOH,2,-441.754221883263,5.6084932981049604,2.8042466490524802,2.2690413061499903
qmof-73ded45,Co,CO2RR,*COOH,3,-459.27252837525305,2.141691683946256,0.7138972279820853,1.1369427036313486
qmof-73ded45,Co,CO2RR,*CO,0,-409.2257634420869,0.0,0.0,0.02
qmof-73ded45,Co,CO2RR,*CO,1,-423.3127947570472,-0.0355264371290005,-0.0355264371290005,0.46478378515589636
qmof-73ded45,Co,CO2RR,*CO,2,-16755.818817778927,-16318.490044581176,-8159.245022290588,87851.91370100198
qmof-73ded45,Co,CO2RR,*CO,3,-445.9026738660646,5.477604209516194,1.8258680698387313,1.124559394790456
qmof-73ded45,Co,HER,*H,0,-396.8362353960845,0.0,0.0,0.02
qmof-73ded45,Co,HER,*H,1,-411.35238403356084,-0.46464375964504967,-0.46464375964504967,0.8028039875177474
qmof-73ded45,Co,HER,*H,2,-415.3489746214746,9.590270530272491,4.7951352651362456,4.765102430278301
qmof-73ded45,Co,HER,*H,3,-439.9857697928117,-0.9950197632332944,-0.33167325441109813,0.6093992098644785
qmof-b46c098,Cu,HER,pristine,0,-381.3613856859267,0.0,0.0,0.02
qmof-b46c098,Cu,HER,pristine,1,-395.66483088267273,-0.2519403189147411,-0.2519403189147411,0.1074920987001648
qmof-b46c098,Cu,HER,pristine,2,-410.1908599880625,-0.726464546473224,-0.363232273236612,0.2939731980903912
qmof-b46c098,Cu,HER,pristine,3,-423.18990755815355,0.32599276126706656,0.10866425375568885,1.3887094713662522
qmof-b46c098,Cu,HER,*H,0,-384.888795590626,0.0,0.0,0.02
qmof-b46c098,Cu,HER,*H,1,-398.7404329432229,0.19986752523438867,0.19986752523438867,0.45727707080005164
qmof-b46c098,Cu,HER,*H,2,-412.90876598088596,0.08303936540265511,0.041519682701327554,0.5226464976578725
qmof-b46c098,Cu,HER,*H,3,-426.79339646256426,0.2499137615556677,0.08330458718522256,0.5364609212242641
qmof-b46c098,Cu,CO2RR,*COOH,0,-406.5862848715324,0.0,0.0,0.02
qmof-b46c098,Cu,CO2RR,*COOH,1,-421.0824410001187,-0.4446512507549656,-0.4446512507549656,0.18549823002795585
qmof-b46c098,Cu,CO2RR,*COOH,2,-435.32187775737214,-0.6325831301770819,-0.31629156508854095,0.29082663021289873
qmof-b46c098,Cu,CO2RR,*COOH,3,-448.8597038384692,-0.11890433344284901,-0.039634777814283005,0.24596596890266198
qmof-b46c098,Cu,CO2RR,*CO,0,-395.5925581689473,0.0,0.0,0.02
qmof-b46c098,Cu,CO2RR,*CO,1,-410.13674619948245,-0.49268315270385443,-0.49268315270385443,0.10006763371105153
qmof-b46c098,Cu,CO2RR,*CO,2,-424.067993253608,-0.3724253289980908,-0.1862126644990454,0.5787285681731013
qmof-b46c098,Cu,CO2RR,*CO,3,-437.40309235832126,0.343980444119957,0.11466014803998566,0.5833580690039262
