qmof_id,reaction,intermediate,file,delta_E_eV,zpe_ads_eV,ts_ads_eV,delta_G_corr_eV,delta_G_eV,num_modes,max_freq_meV,steric_congested,mace_chgnet_diff_per_atom_eV
qmof-73ded45,her,H,qmof-73ded45_her_H.cif,0.8612944387279677,0.15358677392836984,0.01671657110273227,0.20687020282563753,1.0681646415536052,3,180.71805610257286,False,0.3923601953907936
qmof-dc7e5a3,her,H,qmof-dc7e5a3_her_H.cif,0.0600542997494395,0.31439698042968955,0.006531572318216698,0.37786540811147284,0.43791970786091233,3,422.35218994423377,False,0.378468722923495
qmof-571d405,her,H,qmof-571d405_her_H.cif,0.945828345152294,0.17421624406166844,0.023336555147141683,0.22087968891452672,1.1667080340668208,3,244.994352234574,False,0.1050134698323446
qmof-b46c098,her,H,qmof-b46c098_her_H.cif,-0.2485661184099816,0.31488268047996765,0.01802864272896687,0.3668540377510008,0.11828791934101918,3,440.32839705645176,False,0.2188997836505543
qmof-197ad3f,her,H,qmof-197ad3f_her_H.cif,0.966365884808014,0.15107153204699525,0.009567576570271918,0.21150395547672332,1.1778698402847374,2,243.90976629141142,False,0.2033154991044578
qmof-599995e,her,H,qmof-599995e_her_H.cif,0.3692155629912159,0.31292042059785213,0.007649799386972126,0.37527062121087995,0.7444861842020958,3,407.14167032246706,False,0.2904267633102617
qmof-5a2471d,her,H,qmof-5a2471d_her_H.cif,0.8251068840925919,0.15750231279506288,0.01600227284967641,0.21150003994538646,1.0366069240379785,3,186.3611518488097,False,0.3059691125350701
qmof-07cc468,her,H,qmof-07cc468_her_H.cif,-1.2309352798712745,0.33982449623277045,0.0020428146296994345,0.407781681603071,-0.8231535982682034,3,402.81390364554903,False,0.1544157731317789
qmof-dd825f1,her,H,qmof-dd825f1_her_H.cif,-0.8125528886943547,0.28357404016638843,0.01951811659316473,0.33405592357322367,-0.47849696512113105,3,443.0490730573925,False,0.1568135168555609
qmof-04b4379,her,H,qmof-04b4379_her_H.cif,-0.4314971477762546,0.27622544949316213,0.02163849977714623,0.32458694971601587,-0.10691019806023871,3,439.4569680924178,False,0.1621899807363447
qmof-02e961c,her,H,qmof-02e961c_her_H.cif,0.3030811607648767,0.26961543775559255,0.01723513916584275,0.3223802985897498,0.6254614593546265,3,376.52306534859594,False,0.1026299757057813
qmof-da6b9c1,her,H,qmof-da6b9c1_her_H.cif,-0.2462227855050249,0.30049263639368246,0.014427245607434028,0.35606539078624844,0.10984260528122353,3,420.73156291321624,False,0.1103873043619501
qmof-28c2c0e,her,H,qmof-28c2c0e_her_H.cif,-0.1708363444777623,0.2690525564091898,0.003776402639928191,0.33527615376926156,0.16443980929149926,3,303.5332216738755,False,0.1930558946511204
qmof-59f49ee,her,H,qmof-59f49ee_her_H.cif,0.0062850375962435,0.3081822130717561,0.0038730648784528077,0.37430914819330324,0.38059418578954674,3,367.8743972662796,False,0.126913256397523
qmof-8deddd1,her,H,qmof-8deddd1_her_H.cif,0.9747710212867142,0.17264378147434134,0.020648163674551287,0.22199561779979005,1.1967666390865044,3,233.1478184359331,False,0.1287829017523376
qmof-b927353,her,H,qmof-b927353_her_H.cif,1.6107488233188445,0.21900585373906367,0.0022680354822082155,0.2867378182568554,1.8974866415757,2,333.5521584889075,False,0.0784707153970297
qmof-9bfdab6,her,H,qmof-9bfdab6_her_H.cif,1.9779099753805705,0.17859932375811038,0.004372552330984771,0.2442267714271256,2.222136746807696,3,129.66784958739967,False,0.1045397575193973
qmof-bd899c1,her,H,qmof-bd899c1_her_H.cif,0.186312646691662,0.29746867192008086,0.00538760480128818,0.3620810671187926,0.5483937138104547,3,361.9359580586038,False,0.0939502307768769
qmof-73ded45,oer,OH,qmof-73ded45_oer_OH.cif,0.715747527984206,0.3335273270604226,0.11078879132660953,0.2627385357338131,0.9784860637180192,6,459.8250952940728,False,0.3926252922932453
qmof-dc7e5a3,oer,OH,qmof-dc7e5a3_oer_OH.cif,-1.487263871654477,0.4046081853573274,0.0681127822017081,0.3764954031556193,-1.1107684684988577,6,442.0974161475709,False,0.3744849041493125
qmof-571d405,oer,OH,qmof-571d405_oer_OH.cif,1.527326731505127,0.31556917362494996,0.10857879128945329,0.2469903823354967,1.7743171138406237,5,460.2680679958655,False,0.1076428457643678
qmof-b46c098,oer,OH,qmof-b46c098_oer_OH.cif,1.688048450204576,0.3745324224846671,0.06524389685140854,0.34928852563325863,2.037336975837835,6,460.82523357533285,False,0.2279638711446086
qmof-197ad3f,oer,OH,qmof-197ad3f_oer_OH.cif,1.16597699534816,0.33211314958590665,0.1111645329697993,0.26094861661610735,1.4269256119642675,6,470.8217062723671,False,0.2095571279149379
qmof-599995e,oer,OH,qmof-599995e_oer_OH.cif,1.6285250072832014,0.3397587052067257,0.10910215028604513,0.2706565549206806,1.899181562203882,6,467.38627425437045,False,0.296547646517716
qmof-5a2471d,oer,OH,qmof-5a2471d_oer_OH.cif,0.3510688186457855,0.33124090911324544,0.126853956199384,0.24438695291386148,0.5954557715596469,6,464.24578108384384,False,0.3071227263864548
qmof-07cc468,oer,OH,qmof-07cc468_oer_OH.cif,0.8455635053671813,0.394790548103105,0.06048669812499825,0.3743038499781068,1.2198673553452881,6,441.8266274387889,False,0.1557418935702617
qmof-dd825f1,oer,OH,qmof-dd825f1_oer_OH.cif,2.9284384928078,0.3574969349432521,0.08337108100509405,0.31412585393815806,3.2425643467459584,5,449.30376323502173,False,0.1551067501928485
qmof-04b4379,oer,OH,qmof-04b4379_oer_OH.cif,1.0989050216518876,0.41376405923950077,0.05961470753955673,0.3941493516999441,1.4930543733518318,6,457.94350327765676,False,0.1731604757797656
qmof-02e961c,oer,OH,qmof-02e961c_oer_OH.cif,0.2083842759864183,0.42344661422880847,0.04579407966011949,0.417652534568689,0.6260368105551073,6,438.43809098882105,False,0.1038397689789675
qmof-da6b9c1,oer,OH,qmof-da6b9c1_oer_OH.cif,2.56810245553595,0.40713806897843363,0.04498869844283216,0.4021493705356015,2.9702518260715514,6,433.19074649301416,False,0.1259506869091967
qmof-28c2c0e,oer,OH,qmof-28c2c0e_oer_OH.cif,1.3672256834072414,0.35227460111262354,0.07215784622063767,0.3201167548919859,1.6873424382992273,6,398.8533346479769,False,0.1983331671805041
qmof-59f49ee,oer,OH,qmof-59f49ee_oer_OH.cif,2.9353658108259424,0.3662169184057655,0.0318030665164618,0.3744138518893037,3.309779662715246,6,328.18986106251265,False,0.1296116568311432
qmof-8deddd1,oer,OH,qmof-8deddd1_oer_OH.cif,0.5985623129662372,0.3357246525012042,0.13052444948659342,0.24520020301461082,0.843762515980848,6,474.5348305627502,False,0.1314077789409891
qmof-b927353,oer,OH,qmof-b927353_oer_OH.cif,2.4590874800599067,0.3936785618476195,0.05161597118300139,0.3820625906646182,2.8411500707245247,6,476.95608810830106,False,0.0882389268270672
qmof-9bfdab6,oer,OH,qmof-9bfdab6_oer_OH.cif,1.8912978926521191,0.32228131298803203,0.06854614266763072,0.29373517032040136,2.1850330629725203,5,478.15971292090256,False,0.1083535954590792
qmof-bd899c1,oer,OH,qmof-bd899c1_oer_OH.cif,6.673531208693021,0.42676967347466654,0.02339899892894564,0.44337067454572093,7.116901883238742,6,314.5050029614754,False,0.1663880422885772
qmof-73ded45,oer,O,qmof-73ded45_oer_O.cif,3.080744601102353,0.05368673373895493,0.08766407878286775,-0.06397734504391278,3.01676725605844,3,78.48987147866616,False,0.4038657058113813
qmof-dc7e5a3,oer,O,qmof-dc7e5a3_oer_O.cif,-0.0028011020735476,0.08739235386230391,0.054257007652603675,0.003135346209700296,0.0003342441361526959,3,114.7694683833138,False,0.3821593999398457
qmof-571d405,oer,O,qmof-571d405_oer_O.cif,4.584553058406456,0.01846741294197728,0.018471347587526988,-0.03000393464554968,4.554549123760906,1,36.93482588395456,False,0.1099837334316102
qmof-b46c098,oer,O,qmof-b46c098_oer_O.cif,2.36707882470823,0.08302872698368963,0.03665306144500302,0.016375665538686635,2.3834544902469164,3,81.21157132411592,False,0.2090221878119378
qmof-197ad3f,oer,O,qmof-197ad3f_oer_O.cif,3.677941980954799,0.061228197342041185,0.07741628883189523,-0.046188091489854005,3.631753889464945,3,88.22222943615746,False,0.2118111166719031
qmof-599995e,oer,O,qmof-599995e_oer_O.cif,-77842.98168833788,0.08,0.01,0.040000000000000036,-77842.94168833789,0,0.0,True,915.4999428479476
qmof-5a2471d,oer,O,qmof-5a2471d_oer_O.cif,3.0477910877673797,0.047063797092339765,0.08825263131995631,-0.07118883422761652,2.976602253539763,3,63.720552304000115,False,0.3154423808781125
qmof-07cc468,oer,O,qmof-07cc468_oer_O.cif,1.3918128009310493,0.08056115207436618,0.0519381977709556,-0.0013770456965893907,1.39043575523446,3,94.49205535873203,False,0.1574965727921111
qmof-dd825f1,oer,O,qmof-dd825f1_oer_O.cif,3.3148453938676283,0.07912698364764775,0.0510353292468763,-0.0019083455992285336,3.3129370482683997,3,86.29689996326576,False,0.1534490547481699
qmof-04b4379,oer,O,qmof-04b4379_oer_O.cif,3.314907131241497,0.07150843211070665,0.05774017067690861,-0.016231738566201942,3.298675392675295,3,79.06184451769337,False,0.1566243719139043
qmof-02e961c,oer,O,qmof-02e961c_oer_O.cif,0.9322055922779526,0.10194775665701594,0.033415280503631205,0.03853247615338476,0.9707380684313374,3,100.0544279577079,False,0.1037355240296799
qmof-da6b9c1,oer,O,qmof-da6b9c1_oer_O.cif,2.9860741331870457,0.06309305149727823,0.02865430265103465,0.004438748846243623,2.9905128820332894,2,99.69738619495433,False,0.1112815655338034
qmof-28c2c0e,oer,O,qmof-28c2c0e_oer_O.cif,2.412746999662588,0.08042314131866209,0.06008583998094301,-0.009662698662280922,2.403084301000307,3,114.24751953375045,False,0.1996104112528694
qmof-59f49ee,oer,O,qmof-59f49ee_oer_O.cif,2.585951711921481,0.08410448753844199,0.037084544489514655,0.017019943048927372,2.6029716549704083,3,81.07389496667933,False,0.1300923929165962
qmof-8deddd1,oer,O,qmof-8deddd1_oer_O.cif,1.89834768521375,0.08832504877136343,0.036109055675923624,0.02221599309543984,1.9205636783091897,3,85.08954908697059,False,0.1113072828929328
qmof-b927353,oer,O,qmof-b927353_oer_O.cif,4.375921260875927,0.07767290313009748,0.039887009703970355,0.0077858934261271495,4.383707154302054,3,71.93896503831182,False,0.0791389881616296
qmof-9bfdab6,oer,O,qmof-9bfdab6_oer_O.cif,4.2038959681585055,0.0488257365767205,0.07157396211387862,-0.05274822553715808,4.1511477426213474,3,53.164651218842664,False,0.1062072886560328
qmof-bd899c1,oer,O,qmof-bd899c1_oer_O.cif,5.1227781528421446,0.09528934682724115,0.06756225964999069,-0.0022729128227494955,5.120505240019395,3,100.0455186473719,False,0.1460337036138707
qmof-73ded45,oer,OOH,qmof-73ded45_oer_OOH.cif,4.361054287263229,0.39833929412669156,0.19107535150135244,0.2172639426253391,4.578318229888568,9,441.83650785136354,False,0.4004321499147067
qmof-dc7e5a3,oer,OOH,qmof-dc7e5a3_oer_OOH.cif,1.586230247340481,0.4338092490596068,0.14042593884406623,0.30338331021554055,1.8896135575560216,9,449.1569926594705,False,0.3746465644521686
qmof-571d405,oer,OOH,qmof-571d405_oer_OOH.cif,5.174355046253524,0.314309845318926,0.10979012917083783,0.21451971614808812,5.3888747624016125,5,367.8600729344389,False,0.1039112835606228
qmof-b46c098,oer,OOH,qmof-b46c098_oer_OOH.cif,5.178167446634333,0.47233505799073205,0.07614965852623236,0.4061853994644997,5.584352846098833,9,340.77606839079283,False,0.218359879089852
qmof-197ad3f,oer,OOH,qmof-197ad3f_oer_OOH.cif,5.032520786011375,0.37104753321017414,0.22740885078184161,0.15363868242833256,5.186159468439707,8,418.1022764259598,False,0.1996816164668215
qmof-599995e,oer,OOH,qmof-599995e_oer_OOH.cif,5.804539087812643,0.40108734658870415,0.1097805788878109,0.30130676770089326,6.105845855513536,8,463.96671643315386,False,0.2112874792885041
qmof-5a2471d,oer,OOH,qmof-5a2471d_oer_OOH.cif,4.046585528009857,0.4197185516531517,0.2000101420078284,0.2297084096453233,4.27629393765518,9,442.48434007509053,False,0.2858562424284476
qmof-07cc468,oer,OOH,qmof-07cc468_oer_OOH.cif,3.284155394278443,0.48990120042923085,0.08224780762783551,0.4176533928013954,3.7018087870798384,9,438.76804485136944,False,0.1551120081157993
qmof-dd825f1,oer,OOH,qmof-dd825f1_oer_OOH.cif,5.029263853267068,0.4429136358804575,0.11915132968859608,0.3337623061918614,5.363026159458929,9,457.96906248145933,False,0.1560655651717284
qmof-04b4379,oer,OOH,qmof-04b4379_oer_OOH.cif,5.000823290431399,0.40605206741891087,0.1336601878391059,0.28239187957980494,5.283215170011204,8,414.1866791582506,False,0.1773654795446898
qmof-02e961c,oer,OOH,qmof-02e961c_oer_OOH.cif,3.919418492042425,0.4178767936726443,0.13841173050122346,0.28946506317142084,4.208883555213846,9,416.76674534479866,False,0.1085580883353305
qmof-da6b9c1,oer,OOH,qmof-da6b9c1_oer_OOH.cif,4.600353882996316,0.4529504550611661,0.11329156563967056,0.34965888942149553,4.950012772417812,8,469.0226816628352,False,0.1180537948647053
qmof-28c2c0e,oer,OOH,qmof-28c2c0e_oer_OOH.cif,5.108628602412111,0.4824817425581034,0.12386344890975835,0.3686182936483451,5.477246896060456,9,411.1033155851611,False,0.2070633144613419
qmof-59f49ee,oer,OOH,qmof-59f49ee_oer_OOH.cif,5.745516131412316,0.4661359441662917,0.04853335492044563,0.4276025892458461,6.173118720658162,8,359.24075054463094,False,0.1365526078954133
qmof-8deddd1,oer,OOH,qmof-8deddd1_oer_OOH.cif,5.41647788143591,0.39373115047140866,0.14866798083336907,0.2550631696380396,5.671541051073949,8,476.45406595060143,False,0.1373141868739693
qmof-b927353,oer,OOH,qmof-b927353_oer_OOH.cif,5.9394392913740575,0.4479717557784355,0.15098992305244513,0.30698183272599033,6.246421124100047,9,453.68206385234123,False,0.0800257913871928
qmof-9bfdab6,oer,OOH,qmof-9bfdab6_oer_OOH.cif,5.243166430048788,0.4148624156936385,0.15332372905089295,0.27153868664274555,5.514705116691534,8,437.19120611289395,False,0.1036377179232543
qmof-bd899c1,oer,OOH,qmof-bd899c1_oer_OOH.cif,6.444576859842229,0.43155306983570196,0.10778125135755678,0.3337718184781452,6.778348678320374,9,426.63600698563874,False,0.10421922847174
qmof-73ded45,co2rr,COOH,qmof-73ded45_co2rr_COOH.cif,1.2677637813587914,0.5411594613052159,0.21153308224565098,0.749626379059565,2.0173901604183566,11,395.61057957850574,False,0.3946154220110126
qmof-dc7e5a3,co2rr,COOH,qmof-dc7e5a3_co2rr_COOH.cif,0.0329653976968522,0.5240454814271698,0.2753518580491908,0.668693623377979,0.7016590210748312,10,460.69181751068515,False,0.3722144829682294
qmof-571d405,co2rr,COOH,qmof-571d405_co2rr_COOH.cif,0.6207643661089826,0.5904567889199168,0.2033046594629659,0.8071521294569508,1.4279164955659334,11,415.4683779977261,False,0.1127130901193294
qmof-b46c098,co2rr,COOH,qmof-b46c098_co2rr_COOH.cif,0.8838839729345516,0.653645016353958,0.19222482937710333,0.8814201869768545,1.765304159911406,12,439.8547642974121,False,0.2267311976621525
qmof-197ad3f,co2rr,COOH,qmof-197ad3f_co2rr_COOH.cif,0.8869402853193371,0.5722584261133576,0.24424643252810826,0.7480119935852494,1.6349522789045865,12,382.76857348035475,False,0.2060957898059104
qmof-599995e,co2rr,COOH,qmof-599995e_co2rr_COOH.cif,-16554.736868653217,0.62,0.11,0.9299999999999999,-16553.806868653217,0,0.0,True,187.9124699560109
qmof-5a2471d,co2rr,COOH,qmof-5a2471d_co2rr_COOH.cif,0.97995340047164,0.5303394374972358,0.25364764883429003,0.6966917886629458,1.676645189134586,11,458.71462477319994,False,0.3142082842800203
qmof-07cc468,co2rr,COOH,qmof-07cc468_co2rr_COOH.cif,-0.571882034124588,0.6424909359503765,0.14378252952354512,0.9187084064268314,0.34682637230224334,11,471.73336800033735,False,0.1542604089839498
qmof-dd825f1,co2rr,COOH,qmof-dd825f1_co2rr_COOH.cif,0.0094045864571619,0.6600480939456372,0.14161860816048966,0.9384294857851476,0.9478340722423095,12,450.2708902888523,False,0.1619321714431774
qmof-04b4379,co2rr,COOH,qmof-04b4379_co2rr_COOH.cif,-249698.39444528052,0.62,0.11,0.9299999999999999,-249697.46444528052,0,0.0,True,5428.25494236314
qmof-02e961c,co2rr,COOH,qmof-02e961c_co2rr_COOH.cif,14.48259730181287,0.5003775478471955,0.1247141463552856,0.7956634014919097,15.27826070330478,9,462.38753194407684,False,0.1476051095998372
qmof-da6b9c1,co2rr,COOH,qmof-da6b9c1_co2rr_COOH.cif,4.520541091065024,0.6243650050239211,0.1561799209341286,0.8881850840897925,5.408726175154817,12,459.0737279254583,False,0.1187525154417652
qmof-28c2c0e,co2rr,COOH,qmof-28c2c0e_co2rr_COOH.cif,3.03047814222516,0.5898616764875644,0.16484657321280308,0.8450151032747613,3.8754932454999214,12,333.26653461300134,False,0.1912124388556779
qmof-59f49ee,co2rr,COOH,qmof-59f49ee_co2rr_COOH.cif,2.879227873200602,0.6336747830906428,0.11437260171182849,0.9393021813788143,3.818530054579416,12,388.10084469573883,False,0.1295482821611458
qmof-8deddd1,co2rr,COOH,qmof-8deddd1_co2rr_COOH.cif,2.055026910367541,0.5518337617737386,0.20963975447974792,0.7621940072939906,2.8172209176615315,11,409.5125233883678,False,0.1424577235191409
qmof-b927353,co2rr,COOH,qmof-b927353_co2rr_COOH.cif,-13837.664925171308,0.62,0.11,0.9299999999999999,-13836.734925171308,0,0.0,True,150.51670124585235
qmof-9bfdab6,co2rr,COOH,qmof-9bfdab6_co2rr_COOH.cif,0.8272472878152932,0.6337999753406791,0.20130336162272777,0.8524966137179513,1.6797439015332445,11,436.650217687723,False,0.1120495894414449
qmof-bd899c1,co2rr,COOH,qmof-bd899c1_co2rr_COOH.cif,-72073.3295396053,0.62,0.11,0.9299999999999999,-72072.3995396053,0,0.0,True,621.2835986666519
qmof-73ded45,co2rr,CO,qmof-73ded45_co2rr_CO.cif,0.5290446871404821,0.18307716339515734,0.18809644689598573,0.37498071649917164,0.9040254036396538,6,255.91362338763201,False,0.4015367690656859
qmof-dc7e5a3,co2rr,CO,qmof-dc7e5a3_co2rr_CO.cif,-0.260607525900399,0.24011923356889983,0.11058024866300513,0.5095389849058947,0.24893145900549568,6,221.8919301698402,False,0.381343771669394
qmof-571d405,co2rr,CO,qmof-571d405_co2rr_CO.cif,0.6165925000135086,0.1827477743089181,0.12588469694098936,0.43686307736792873,1.0534555773814374,5,255.07261111245123,False,0.1101975780975498
qmof-b46c098,co2rr,CO,qmof-b46c098_co2rr_CO.cif,1.1049495976840389,0.2142892219563718,0.10115359537836988,0.4931356265780019,1.5980852242620407,6,212.05295686025073,False,0.2292791387939153
qmof-197ad3f,co2rr,CO,qmof-197ad3f_co2rr_CO.cif,0.8064388045584803,0.16235875450112336,0.16943523629908067,0.3729235182020427,1.179362322760523,5,260.97838583567415,False,0.2100749198128096
qmof-599995e,co2rr,CO,qmof-599995e_co2rr_CO.cif,-4242.799799469181,0.18,0.08,0.48,-4242.319799469182,0,0.0,True,49.10833858203012
qmof-5a2471d,co2rr,CO,qmof-5a2471d_co2rr_CO.cif,0.664139590118749,0.16185019897260314,0.16708525670812538,0.37476494226447776,1.0389045323832269,5,258.95913490376824,False,0.3136234707257063
qmof-07cc468,co2rr,CO,qmof-07cc468_co2rr_CO.cif,-1226.4020882377336,0.18,0.08,0.48,-1225.9220882377335,0,0.0,True,6.372588571293603
qmof-dd825f1,co2rr,CO,qmof-dd825f1_co2rr_CO.cif,-0.0292579632320428,0.2476964572556583,0.09819537850633143,0.5295010787493268,0.5002431155172841,6,232.00080247633272,False,0.1604213885469457
qmof-04b4379,co2rr,CO,qmof-04b4379_co2rr_CO.cif,0.246609336281109,0.2658477883167817,0.08087329436786797,0.5649744939489137,0.8115838302300228,6,222.77024574687388,False,0.1906057694419445
qmof-02e961c,co2rr,CO,qmof-02e961c_co2rr_CO.cif,0.6066187553690963,0.23798305249052534,0.10301576733691317,0.5149672851536121,1.1215860405227085,6,216.79330149767,False,0.0979965106621245
qmof-da6b9c1,co2rr,CO,qmof-da6b9c1_co2rr_CO.cif,5.648788785040393,0.2754177439510937,0.033510542777596165,0.6219072011734975,6.270695986213891,6,162.85129205306401,False,0.112883362922636
qmof-28c2c0e,co2rr,CO,qmof-28c2c0e_co2rr_CO.cif,-0.1252112584054874,0.2248552784089229,0.10505110368844008,0.49980417472048283,0.3745929163149954,6,251.0676276211638,False,0.1966046864867562
qmof-59f49ee,co2rr,CO,qmof-59f49ee_co2rr_CO.cif,3.259123127120416,0.2218246541687392,0.07354097250589356,0.5282836816628457,3.787406808783262,6,138.46981538604967,False,0.0593636833586177
qmof-8deddd1,co2rr,CO,qmof-8deddd1_co2rr_CO.cif,0.4965848048817189,0.17040004284888005,0.14700765922640557,0.4033923836224745,0.8999771885041934,5,258.03389203705063,False,0.1316011435937901
qmof-b927353,co2rr,CO,qmof-b927353_co2rr_CO.cif,6.573260523738396,0.20463122381046306,0.034316303780969545,0.5503149200294934,7.12357544376789,5,107.40261852005074,False,0.0180185669072494
qmof-9bfdab6,co2rr,CO,qmof-9bfdab6_co2rr_CO.cif,0.8790166664196715,0.14454997995352556,0.15041285746440844,0.3741371224891171,1.2531537889087887,4,258.360347141927,False,0.1069467484397692
qmof-bd899c1,co2rr,CO,qmof-bd899c1_co2rr_CO.cif,-18513.19675565867,0.18,0.08,0.48,-18512.716755658672,0,0.0,True,162.38426178140867
qmof-73ded45,co2rr,OCHO,qmof-73ded45_co2rr_OCHO.cif,1.1348550868817815,0.5866326846765293,0.21972766365162613,0.7869050210249031,1.9217601079066846,12,340.71157875402264,False,0.3845056049793507
qmof-dc7e5a3,co2rr,OCHO,qmof-dc7e5a3_co2rr_OCHO.cif,0.8081503285772094,0.5934096975847567,0.16872554551838148,0.8446841520663753,1.6528344806435846,12,349.11678693551795,False,0.3797729526523952
qmof-571d405,co2rr,OCHO,qmof-571d405_co2rr_OCHO.cif,0.9062003333768408,0.5491237607827975,0.15627344805113694,0.8128503127316604,1.7190506461085011,10,338.83617466022724,False,0.1101264966243454
qmof-b46c098,co2rr,OCHO,qmof-b46c098_co2rr_OCHO.cif,2.989102891468473,0.6191283325395128,0.1603823881363212,0.8787459444031915,3.8678488358716647,12,361.9404390161633,False,0.233512842034774
qmof-197ad3f,co2rr,OCHO,qmof-197ad3f_co2rr_OCHO.cif,0.833439458731231,0.5451332696838901,0.17341367742177732,0.7917195922621127,1.6251590509933438,10,334.1976131545173,False,0.211522676941628
qmof-599995e,co2rr,OCHO,qmof-599995e_co2rr_OCHO.cif,0.9999137191179664,0.5857094971565329,0.21867166359571377,0.787037833560819,1.7869515526787856,12,343.47331644491067,False,0.2969100671743337
qmof-5a2471d,co2rr,OCHO,qmof-5a2471d_co2rr_OCHO.cif,-0.4879039462621684,0.6307614316662234,0.20751837810683466,0.8432430535593889,0.3553391072972205,11,358.0124634907863,False,0.3113505742798221
qmof-07cc468,co2rr,OCHO,qmof-07cc468_co2rr_OCHO.cif,2.8599255180720995,0.6010705003147353,0.14303609907037051,0.8780344012443648,3.7379599193164643,12,354.2592447733119,False,0.1579336765284061
qmof-dd825f1,co2rr,OCHO,qmof-dd825f1_co2rr_OCHO.cif,2.373935105743453,0.6083513076198822,0.1819089625634171,0.8464423450564651,3.2203774507999183,12,379.3546416330119,False,0.1669968917760179
qmof-04b4379,co2rr,OCHO,qmof-04b4379_co2rr_OCHO.cif,2.325497334511521,0.5947280652164284,0.1526866644716414,0.862041400744787,3.1875387352563083,11,364.5305965917837,False,0.0496138314041272
qmof-02e961c,co2rr,OCHO,qmof-02e961c_co2rr_OCHO.cif,2.964876711458213,0.5919018142743895,0.11036017858940442,0.901541635684985,3.866418347143198,12,331.34315131821444,False,0.0747709890999668
qmof-da6b9c1,co2rr,OCHO,qmof-da6b9c1_co2rr_OCHO.cif,-1803.441768483685,0.63,0.1,0.95,-1802.491768483685,0,0.0,True,12.184817866842886
qmof-28c2c0e,co2rr,OCHO,qmof-28c2c0e_co2rr_OCHO.cif,2.4614936006712007,0.598519242093998,0.17052112016219562,0.8479981219318022,3.3094917226030027,12,363.95998679168315,False,0.1984300286704574
qmof-59f49ee,co2rr,OCHO,qmof-59f49ee_co2rr_OCHO.cif,-5176.554200222052,0.63,0.1,0.95,-5175.604200222052,0,0.0,True,33.52702721987783
qmof-8deddd1,co2rr,OCHO,qmof-8deddd1_co2rr_OCHO.cif,0.6146985294845528,0.5947924483081254,0.1739680151662042,0.8408244331419212,1.455522962626474,11,354.82068438292936,False,0.1363359388287092
qmof-b927353,co2rr,OCHO,qmof-b927353_co2rr_OCHO.cif,1.843817791055539,0.6139095495746472,0.21796499053362342,0.8159445590410237,2.6597623500965626,12,358.46180516437806,False,0.0955717595554589
qmof-9bfdab6,co2rr,OCHO,qmof-9bfdab6_co2rr_OCHO.cif,4.445008049457623,0.5653345071274435,0.20632570666924469,0.7790088004581988,5.224016849915822,12,349.70944491373007,False,0.1086589162567873
qmof-bd899c1,co2rr,OCHO,qmof-bd899c1_co2rr_OCHO.cif,5.497840288237693,0.6083869916507451,0.1771260472109074,0.8512609444398376,6.349101232677531,12,403.7195112723401,False,0.0412887298913298
